PM,Adney,Smith,12-01-2015
PM,Aldo,Jones,01-05-2014
PM,Aleyn,Brown,03-09-2013
PM,Amherst,Johnson,03-04-2013
PM,Annabeth,Williams,03-09-2012
BA,Briar,Miller,09-06-2013
BA,Burle,White,17-09-2010
BA,Duff,Black,03-01-2012
BA,Dustin,Bell,11-09-2018
BA,Ellen,Nelson,12-12-2017
QA,Gala,Webb,27-05-2016
QA,Cage,Butler,17-10-2015
QA,Cavalon,Taylor,22-11-2015
QA,Sunniva,Cooper,13-03-2013
QA,Norvin,Phillips,12-07-2015
DEV,Nuys,Rogers,28-02-2012
DEV,Odett,Gray,23-11-2011
DEV,Tamiya,Moore,07-06-2010
DEV,Taite,Hill,03-09-2016
DEV,Peers,Walker,23-12-2015